"1","Quick and the Dead, The","Shawn Chisman","Action|Thriller|Western","2012"
"2","Love unto Death (L'amour a mort)","Hodge Lund","Drama","1985"
"3","Polisse","Ollie Gutridge","Crime|Drama","2011"
"4","Introducing Dorothy Dandridge","Shamus Klimkovich","Drama|Musical|Romance","2005"
"5","Bloodfist","Kissiah Corkitt","Action","2003"
"6","Women in Love","Birch Tonry","Drama|Romance","1990"
"7","Annie Get Your Gun","Rodie Winnister","Comedy|Musical","2004"
"8","On My Way (Elle s'en va)","Ian James","Comedy|Drama","2007"
"9","Emperor","Chane O'Kennedy","Drama|War","1995"
"10","Lucas","Hoyt Woosnam","Drama|Romance","2010"
"11","Mr. Toad's Wild Ride (a.k.a. The Wind in the Willows)","Fidelity Giamo","Adventure|Animation|Comedy","1991"
"12","Chandni Chowk to China","Zeb Pow","Action|Comedy","1998"
"13","Ossos","Daune Scalia","Drama","2002"
"14","Cloak and Dagger","Alonzo McCroary","Drama|Romance","1992"
"15","Sawdust and Tinsel (Gycklarnas afton)","Gisela Ninnis","Drama","2003"
"16","What Just Happened","Andrei Cossons","Comedy|Drama","2012"
"17","Reasonable Doubt","Shem Paliser","Crime|Thriller","2007"
"18","Talk to Me","Waldemar Filewood","Drama","1992"
"19","Shadow of the Vampire","Harlan Leavy","Drama|Horror","2002"
"20","FBI Story, The","Nicky Axtell","Crime|Drama|Thriller","2003"
"21","Full Frontal","Pietrek Arndt","Comedy|Drama|Romance","1992"
"22","Stone Reader","Fabian St. Quintin","Documentary","1967"
"23","Good Old Daze (Le péril jeune)","Andreas Linturn","Comedy|Drama","1990"
"24","Joyful Noise","Dedie McSporrin","Comedy|Musical","2012"
"25","Stewart Lee: If You Prefer a Milder Comedian, Please Ask for One","Anastassia Wille","Comedy","1997"
"26","Seyyit Khan: Bride of the Earth (Seyyit Han)","Darius Lindblom","Drama|Western","2008"
"27","Bride of Boogedy","Klarrisa Easbie","Adventure|Children|Drama|Western","1968"
"28","Prairie Love","Agna Raiment","Comedy|Drama","2000"
"29","No Looking Back","Allister Conkey","Drama|Romance","2008"
"30","I Love You, Alice B. Toklas!","Britt Grindle","Comedy","1994"
"31","Southland Tales","Sada Allcock","Comedy|Drama|Sci-Fi|Thriller","1998"
"32","League of Extraordinary Gentlemen, The (a.k.a. LXG)","Correna MacIlhagga","Action|Fantasy|Sci-Fi","2007"
"33","Princess of Montpensier, The (La princesse de Montpensier)","Anthony Broske","Action|Drama|Romance","2000"
"34","Child's Pose","Ethelred Fulle","Drama","1991"
"35","Rembrandt's J'accuse","Meier Mandrake","Documentary|Mystery","2011"
"36","Last Time I Saw Archie, The","Tommy Bodman","Comedy|Romance|War","1990"
"37","Abbott and Costello Go to Mars","Jarrett Eatherton","Comedy|Sci-Fi","2011"
"38","Double, Double, Toil and Trouble","Anna Bachmann","Adventure|Children|Comedy|Fantasy|Horror","2001"
"39","Heaven & Earth","Whitby Simmonds","Action|Drama|War","2011"
"40","Stranger Among Us, A","Jonas Gallimore","Crime|Drama|Romance","2008"
"41","Very Potter Musical, A","Jacquenette Olsen","Comedy|Musical","1992"
"42","Payment Deferred","Benedict Hickin","Drama","2006"
"43","Supervixens","Paquito Masterman","Comedy|Thriller","1987"
"44","Never Give a Sucker an Even Break","Bertrando Windle","Comedy|Musical","2002"
"45","Picture This","Marissa McPharlain","Comedy|Drama|Romance","2011"
"46","Lord of the Rings: The Two Towers, The","Morganica Tebbit","Adventure|Fantasy","2003"
"47","Beyond Hypothermia (Sip si 32 doe)","Cristal McAvaddy","Action|Drama|Thriller","1993"
"48","Underground","Lorry Patrono","Comedy|Drama|War","1996"
"49","Ghosts of the Abyss","Skipp Mintoft","Documentary|IMAX","1988"
"50","Taxi Driver","Kendell Reisin","Crime|Drama|Thriller","2007"
"51","Against The Sun","Bartolomeo Di Dello","Adventure","1996"
"52","Happy We (Två killar och en tjej)","Alfi Figgess","Comedy|Drama","2008"
"53","Nanny McPhee Returns (a.k.a. Nanny McPhee and the Big Bang)","Ahmed Sword","Children|Comedy|Fantasy","1989"
"54","Reign of Assassins","Natale Regardsoe","Action","1998"
"55","In My Skin (Dans ma Peau)","Andras Borel","Drama","1995"
"56","Red Hill","Noami Snartt","Crime|Thriller|Western","2006"
"57","Snails, The (Escargots, Les)","Phyllis Watmough","Animation|Fantasy","2006"
"58","Victim","Alastair Water","Crime|Drama","1984"
"59","When Love Is Not Enough: The Lois Wilson Story","Christophorus Blacklidge","Drama","1995"
"60","Protector, The","Stesha Feldklein","Action|Comedy|Drama|Thriller","1995"
"61","Lunch Break","Kaja Lindner","Documentary","1994"
"62","Mr. Smith Goes to Washington","Eugine Yanele","Drama","2007"
"63","Lady Killer","Dorolice Danielut","Drama|Romance|War","2008"
"64","Doorway to Hell, The","Christiana Franies","Crime|Drama","1999"
"65","Zatoichi's Vengeance (Zatôichi no uta ga kikoeru) (Zatôichi 13)","Lannie Gantz","Action|Drama","2005"
"66","Think Like a Man","Van Clulow","Comedy","1995"
"67","Tinker Bell and the Lost Treasure","Heinrik Vaux","Adventure|Animation|Children|Fantasy","2011"
"68","Our Daily Bread (Unser täglich Brot)","Leone Gallear","Documentary","1986"
"69","Gamera vs. Jiger","Ronnie Fatharly","Action|Fantasy|Sci-Fi","1998"
"70","Luther the Geek","Free Quene","Horror","2011"
"71","Deception","Lianna Arrault","Action","2010"
"72","Pretty Bird","Dennie Cockell","Comedy|Drama","2000"
"73","Perched on a Tree (Sur un arbre perché)","Agna Medina","Comedy","1988"
"74","Private Detective 62","Rolph Leist","Comedy|Crime|Drama","2004"
"75","Hail Mary ('Je vous salue, Marie')","Bibi Aylin","Drama","1966"
"76","Adam and Dog","Brander Gannicott","Animation","2009"
"77","The Seven-Ups","Giles Rumsby","Action|Crime|Drama|Thriller","2009"
"78","Everything Relative","Arabella Ancell","Drama","2000"
"79","À nos amours","Lemmie Mouat","Drama|Romance","1998"
"80","Lone Star","Richmond Evangelinos","Drama|Mystery|Western","2006"
"81","Gentle Woman, A (Une femme douce)","Rurik Anlay","Drama","1991"
"82","Safe Sex","Chelsey Salleir","Comedy","1975"
"83","Rent","Clyve Woof","Drama|Musical|Romance","1992"
"84","Last Godfather, The","Mitchell Arnopp","Comedy","1999"
"85","Primal Fear","Marcille Shergold","Crime|Drama|Mystery|Thriller","2005"
"86","Fog City Mavericks","Wilburt Rieger","Documentary","2001"
"87","Beijing Taxi","Gunther Bernetti","Documentary","1984"
"88","Ninja, A Band of Assassins (Shinobi No Mono)","Jorgan Ionnisian","Action|Drama","2001"
"89","Year of the Wolf, The (Suden vuosi)","Alida Larcher","Drama|Romance","2003"
"90","Question of Silence, A (De stilte rond Christine M.)","Yehudit Mapp","Drama","1987"
"91","Horrible Bosses 2","Sisely Couttes","Comedy|Crime","2007"
"92","Ski Patrol","Elana Lenihan","Action|Comedy","1999"
"93","Dragon Ball Z: Battle of Gods","Rab Drinkale","Action|Animation|Fantasy|IMAX","2003"
"94","Torrente 3: El protector","Markos Kasman","Comedy|Crime","1999"
"95","Now, Voyager","Malanie McGrorty","Drama|Romance","2001"
"96","Happy Ever Afters","Rees Harpur","Comedy","2001"
"97","The Case of the Lucky Legs","Elbertina Papis","Comedy|Crime|Mystery","2008"
"98","Jane Austen's Mafia!","Kerrill MacCardle","Comedy|Crime","2001"
"99","Charlie Chan at Treasure Island","Clair Kopta","Comedy|Crime|Horror|Mystery|Thriller","2000"
"100","Unknown White Male","Rudiger Boord","Documentary","2011"
"101","New Orleans Uncensored","Enriqueta Hallstone","Crime|Drama|Film-Noir|Thriller","2003"
"102","Stromberg - Der Film","Morgen Frost","Comedy","2008"
"103","Guendalina","Jeanette Galvan","Comedy","1992"
"104","Rio 2","Johnna Hallums","Adventure|Animation|Children|Comedy","2012"
"105","Student Prince in Old Heidelberg, The","Denis Walbrun","Drama|Romance","2000"
"106","Still Alice","Tessi Gibbons","Drama","2007"
"107","Agony (a.k.a. Rasputin) (Agoniya)","Inger Tomkiss","Drama","2013"
"108","Planet Ocean","Niki Doag","Documentary","2005"
"109","Garden, The","Bernetta Rableau","Drama","2006"
"110","Arrowhead","Berkley Duffield","Drama|Western","2000"
"111","Tobruk","Derry Gillison","Drama|War","1998"
"112","Victim","Becki Brettell","Crime|Drama","2010"
"113","Special Relationship, The","Zuzana Helbeck","Drama","1975"
"114","Tokyo Sonata","Orv Denekamp","Drama","1998"
"115","Bright Future (Akarui mirai)","Charmane Iczokvitz","Drama","2011"
"116","Longest Day, The","Elita Leyland","Action|Drama|War","1978"
"117","Hobbit: An Unexpected Journey, The","Benjy Crich","Adventure|Fantasy|IMAX","1998"
"118","Pelicanman (Pelikaanimies)","Orrin Galvin","Adventure|Children|Fantasy","1985"
"119","White Mischief","Ximenez Daveran","Crime|Drama|Romance|Thriller","1986"
"120","Thomas in Love (Thomas est Amoureux)","Annadiane Fraczkiewicz","Comedy|Drama","1997"
"121","She's Gotta Have It","Dedra Roubay","Comedy|Romance","1996"
"122","Tom, Dick and Harry","Cleo Soughton","Comedy|Fantasy|Romance","2011"
"123","Super High Me","Cammy Haston","Comedy|Documentary","2007"
"124","Mars","Heidie Lindeman","Documentary|Sci-Fi","1984"
"125","Night and the City","Eliza D'Aulby","Crime|Drama","1994"
"126","Munchies","Terrel Hollingsby","Comedy|Horror","1998"
"127","All In: The Poker Movie","Noach Westphalen","Documentary","2007"
"128","Bakeneko: A Vengeful Spirit (Kaibyô nori no numa) (Ghost-Cat Cursed Pond, The)","Lisha Banthorpe","Horror","1992"
"129","Dream Catcher, The","Darnell Blenkharn","Drama","2010"
"130","Oak, The (Balanta)","Martica Work","Comedy|Drama","2012"
"131","Fast and the Furious: Tokyo Drift, The (Fast and the Furious 3, The)","Rosita Higgen","Action|Crime|Drama|Thriller","1996"
"132","Rapid Fire","Maxine Bleiman","Action|Crime|Thriller","2002"
"133","Rich and Famous (Gong woo ching)","Rachelle Stoakes","Action|Crime|Drama","2001"
"134","John Carter","Royce Jolly","Action|Adventure|Sci-Fi|IMAX","2008"
"135","Three Men and a Cradle (3 hommes et un couffin)","Diandra Loxly","Comedy","2011"
"136","Child of Rage","Kaja Windus","Drama|Mystery","1997"
"137","Clay Bird, The (Matir moina)","Sutherland Barthropp","Drama","2011"
"138","Ben-Hur: A Tale of the Christ","Annabal Sidary","Adventure|Drama","1988"
"139","Position Among The Stars (Stand van de Sterren)","Antonius Dybald","Documentary","1995"
"140","My Best Friend's Wife","Livvyy MacGibbon","Comedy","2012"
"141","Comrade Pedersen (Gymnaslærer Pedersen)","Amii Peschmann","Drama","1992"
"142","Movie Movie","Crysta Gowan","Comedy|Musical","1996"
"143","Dead Ahead: The Exxon Valdez Disaster","Eberhard Gehring","Drama","2007"
"144","Without Bias (a.k.a. Len Bias)","Star Hannabus","Documentary","1999"
"145","Cleaner","Edmund Gaiter","Crime|Thriller","1998"
"146","Queen of Blood","Chase Broune","Horror|Sci-Fi","1986"
"147","Ride with the Devil","Johnna Newburn","Drama|Romance|War","1994"
"148","Roger Dodger","Matt MacCombe","Comedy|Drama","1999"
"149","Cheap Thrills","Abby Marquand","Comedy|Thriller","2012"
"150","Our Man in Havana","Garwin McFadden","Comedy|Drama|Thriller","1992"
"151","Crime and Punishment","Alberik Waddicor","Drama","2009"
"152","Man Who Quit Smoking, The (Mannen som slutade röka)","Dena Darkins","Comedy","2012"
"153","Woman That Dreamed About a Man, The (Kvinden der drømte om en mand)","Clarice Roots","Drama","1992"
"154","Bugsy","Mufi Androsik","Crime|Drama","1985"
"155","Thomas Pynchon: A Journey into the Mind of P.","Cart Urling","Documentary","2012"
"156","Emmet Otter's Jug-Band Christmas","Jeni Charrett","Children|Comedy|Drama|Musical","2009"
"157","Reach the Rock","Spencer Rentoll","Comedy|Drama","1984"
"158","Rabid Dogs (Kidnapped) (Cani arrabbiati)","Zane Marques","Drama|Thriller","2009"
"159","Zeitgeist: The Movie","Meryl Meysham","Documentary|War","2013"
"160","27 Club, The","Felix Sowten","Drama","1996"
"161","Triumph of the Will (Triumph des Willens)","Emlynn Keune","Documentary","2002"
"162","Lemonade Joe (Limonádový Joe aneb Konská opera)","Phip Bellerby","Adventure|Comedy|Musical|Romance|Western","1991"
"163","Hangin' with the Homeboys","Berni Verdy","Comedy|Drama","1995"
"164","Prison of the Dead","Modesta Eggers","Horror","1994"
"165","The Hunters","Goldy Itzhayek","Adventure","2003"
"166","Powerpuff Girls, The","Vincenz Rodrigues","Action|Animation|Children|Comedy","1990"
"167","Losers, The","Fawn Boston","Action|Adventure|Drama|Mystery|Thriller","1988"
"168","Kalifornia","Babb O'Hagan","Drama|Thriller","1994"
"169","American Gun","Davina Frake","Drama","2004"
"170","Deliver Us From Evil","Kerry Boagey","Crime|Drama","1995"
"171","6 Days to Air: The Making of South Park","Vinny Bobasch","Documentary","2002"
"172","Ladies and Gentlemen, the Fabulous Stains (a.k.a. All Washed Up)","Heindrick Duffree","Comedy|Drama","1993"
"173","Bad Timing: A Sensual Obsession","Walker Davidovic","Drama","2007"
"174","Good Guys Wear Black","Durward Childrens","Action","2009"
"175","La Luna","Gaston Strafen","Animation","1994"
"176","Mark, The","Aurlie Taphouse","Drama","2010"
"177","Welcome to Mooseport","Jonis Curreen","Comedy","1992"
"178","God's Sandbox (Tahara)","Sofie Fearney","Drama","2005"
"179","Secret of NIMH, The","Herta Freeborn","Adventure|Animation|Children|Drama","1985"
"180","Boston Strangler, The","Weylin Greensted","Crime|Drama|Mystery|Thriller","1993"
"181","Holy Motors","Sanders O'Curneen","Drama|Fantasy|Musical|Mystery|Sci-Fi","1993"
"182","Lone Ranger and the Lost City of Gold, The","Tallou Dolby","Adventure|Mystery|Western","1996"
"183","Woman Who Drinks, The (La femme qui boit)","Hurley Schuck","Drama|Romance","2011"
"184","Crazy, Stupid, Love.","Avis Chooter","Comedy|Drama|Romance","1998"
"185","Look at Me (Comme une image)","Bill Rymell","Comedy|Drama|Romance","1990"
"186","Driven","Carlyle Hutt","Action|Thriller","2011"
"187","Nothing's All Bad","Marlene Poor","Drama","2011"
"188","Terraferma","Waiter Panketh","Drama","2010"
"189","Love's Long Journey","Romonda Nendick","Drama|Romance|Western","2013"
"190","House of the Rising Sun","Pepillo Slayny","Action|Crime|Drama|Thriller","1998"
"191","Nothing Personal","Graehme Richfield","Drama|War","1999"
"192","Lured","Evaleen De Domenico","Crime|Film-Noir|Mystery|Thriller","2000"
"193","Phenomenon","Murray Geard","Drama|Romance","2013"
"194","...And Justice for All","Dominica Forrington","Drama|Thriller","2011"
"195","Gendarme Gets Married, The (Le gendarme se marie)","Phelia Jinks","Comedy","1996"
"196","Austin Powers: International Man of Mystery","Norton Stallen","Action|Adventure|Comedy","1993"
"197","Ace of Hearts","Gina Grenshiels","Children|Drama","1985"
"198","Stolen Kisses (Baisers volés)","Aviva Wraith","Comedy|Drama|Romance","1992"
"199","Roger & Me","Velvet Canape","Documentary","2011"
"200","In the Winter Dark","Jacenta Drayson","Drama","1993"
"201","Mary, Queen of Scots","Finley Pindred","Drama","2006"
"202","Halloweentown","Loretta Cansdale","Adventure|Children|Comedy|Fantasy","2007"
"203","Great Silence, The (Grande silenzio, Il)","Gasparo Kaszper","Drama|Western","1999"
"204","All I Desire","Dyna Coultard","Drama|Romance","1998"
"205","Gregoire Moulin vs. Humanity (Grégoire Moulin contre l'humanité)","Raynard Dugall","Comedy|Romance","2000"
"206","In Praise of Love (Éloge de l'amour)","Pris Prin","Drama","2006"
"207","Pleasure Party (Partie de plaisir, Une) (Piece of Pleasure, A)","Rabi Kitchinham","Drama","1997"
"208","Perfect Blue","Care Lowin","Animation|Horror|Mystery|Thriller","2009"
"209","Islands in the Stream","Karyn Whetnell","Drama","1995"
"210","Tinker Bell and the Lost Treasure","Maribel Ducker","Adventure|Animation|Children|Fantasy","1995"
"211","Play it to the Bone","Lucienne Bloan","Comedy|Drama","2011"
"212","Who Framed Roger Rabbit?","Mona Lofthouse","Adventure|Animation|Children|Comedy|Crime|Fantasy|Mystery","1986"
"213","My Awkward Sexual Adventure","Jefferson Clemmett","Comedy","2012"
"214","Man with the Golden Gun, The","Brandi Piscotti","Action|Adventure|Thriller","2011"
"215","Is It Easy to be Young?","John Schanke","Documentary|Drama","2006"
"216","Invasion of the Body Snatchers","Fabien Rogier","Horror|Mystery|Sci-Fi|Thriller","2012"
"217","Pokémon the Movie: White - Victini and Zekrom","Byrle Edney","Animation","2000"
"218","Black Cauldron, The","Idette Gallone","Adventure|Animation|Children|Fantasy","1993"
"219","Alice in Wonderland","Jelene Jepperson","Adventure|Fantasy|IMAX","1993"
"220","Brain Smasher... A Love Story (Bouncer and the Lady, The)","Neall Perry","Action|Comedy","1986"
"221","Halloween","Dev Fogel","(no genres listed)","2009"
"222","Some Mother's Son","Maggee Ripon","Drama","1967"
"223","On a Clear Day You Can See Forever","Quinlan Fieldsend","Comedy|Musical|Romance","2010"
"224","Halls of Montezuma","Berni Stockle","Adventure|War","1992"
"225","Truth About Emanuel, The","Cornelia O'Scannill","Drama|Thriller","2008"
"226","The Pirates","Delphine Arnall","Adventure","2009"
"227","Murder in Greenwich","Anne Jurgen","Crime|Drama|Mystery","2001"
"228","WarGames: The Dead Code","Roseline Lorriman","Drama|Sci-Fi|Thriller","1996"
"229","They Live","Merry Sterricks","Action|Sci-Fi|Thriller","2012"
"230","Unforgettable Summer, An (Un été inoubliable)","Kristoffer Keerl","Drama","2003"
"231","Ask the Dust","Ryon Deakes","Drama|Romance","1984"
"232","Amador","Thaine Braidford","Drama","1998"
"233","5 Against the House","Marco Applegarth","Crime|Drama|Film-Noir","2005"
"234","Winnie the Pooh and the Blustery Day","Bella Sheer","Animation|Children|Musical","1995"
"235","Dancing in September","Josias Fannon","Drama","2009"
"236","Coquette","Law Fockes","Drama","1995"
"237","River of No Return","Kailey Cajkler","Adventure|Western","2009"
"238","Two Mules for Sister Sara","Atalanta Pieterick","Comedy|War|Western","2008"
"239","Things to Come","Burty Dronsfield","Sci-Fi","2002"
"240","Allan Quatermain and the Temple of Skulls","Herta Rodolfi","Action|Adventure","1984"
"241","Children's Hour, The","Arron Claffey","Drama","2005"
"242","Hangman's Curse","Norby Lorens","Horror|Mystery|Thriller","2011"
"243","Maniac Cop","Lyndy Nichol","Action|Crime|Horror|Thriller","2002"
"244","Chelsea Walls","Melisande Cashen","Drama","2002"
"245","Coast of Death","Saunderson Hurd","Children|Documentary|Drama","1999"
"246","Memory of a Killer, The (Zaak Alzheimer, De)","Antoinette Yanov","Action|Crime|Drama|Thriller","1994"
"247","1776","Alberta Wilcocks","Children|Drama|Musical","1987"
"248","Vera Cruz","Bryce Joicey","Adventure|Western","2011"
"249","True Story of Jesse James, The","Kirstyn Keyes","Action|Crime|Western","2000"
"250","The Amazing Screw-On Head","Hadrian Bushell","Action|Adventure|Animation|Comedy|Sci-Fi","1996"
"251","Shrek the Halls","Aviva Gadd","Adventure|Animation|Comedy|Fantasy","2005"
"252","History of the Eagles","Horst Seiter","Documentary","1999"
"253","Names of Love, The (Le nom des gens)","Amalle Pollack","Comedy","2009"
"254","Forgetting the Girl","Hunter Iacovielli","Drama","2007"
"255","Stop-Loss","Drucie Patis","Drama|War","2005"
"256","Pride and Glory","Elke Wakeling","Crime|Drama","1989"
"257","Pax Americana and the Weaponization of Space","Aleda Achromov","Documentary","1986"
"258","Vinyan","Leodora Guidi","Drama|Horror|Thriller","2008"
"259","Made in Jamaica","Gregg Giacomoni","Documentary","2009"
"260","2 + 2 (Dos más dos)","Gallagher Faraday","Comedy","2010"
"261","Crossing Guard, The","Salaidh Coorington","Action|Crime|Drama|Thriller","2009"
"262","House of Mirth, The","Tamera Kendrew","Romance","1999"
"263","Heartbreak Ridge","Godart Wellan","Action|War","2011"
"264","Little Birds","Tommy Worsam","Drama","2013"
"265","Our Song","Fleming Thewlis","Drama","2012"
"266","Grand Isle","Curr Salomon","Drama","1997"
"267","King, The","Nappy Randall","Drama","1995"
"268","Date Movie","Tana Lutton","Comedy|Romance","2008"
"269","World of Apu, The (Apur Sansar)","Quinlan Filippov","Drama","2002"
"270","Daisy Miller","Robinet Krammer","Drama","2011"
"271","Chef","Michele Shuttlewood","Comedy","2008"
"272","Goat, The (a.k.a. Knock On Wood) (Chèvre, La)","Barbra Duligal","Comedy","2000"
"273","Rumble Fish","Paxton Hartly","Drama","1998"
"274","Adulthood","Harlin Yushin","Drama","2012"
"275","Gamer","Glori Strethill","Action|Sci-Fi|Thriller","2012"
"276","Somebody Up There Likes Me","Merilyn Boddington","Comedy|Drama|Romance","2007"
"277","Carolina","Philbert Sautter","Comedy|Romance","1996"
"278","Once Upon a Scoundrel","Garrik Garrod","Comedy","2007"
"279","Bjarnfreðarson","Si Welldrake","Comedy|Drama","1991"
"280","Down and Out with the Dolls","Hayward Brettoner","Comedy","1995"
"281","Diary of a Wimpy Kid: Rodrick Rules","Mersey Millington","Comedy","2007"
"282","Brooklyn's Finest","Sarene Jubert","Crime|Drama|Thriller","1986"
"283","Henry Fool","Charline Livesey","Comedy|Drama","2005"
"284","Men with Brooms","Cathie Weavers","Comedy|Drama|Romance","2007"
"285","Smart Set, The","Stevie Sutherden","Comedy|Drama","2011"
"286","Teddy Bear (10 timer til Paradis)","Shellysheldon Bonds","Drama|Romance","2009"
"287","Taistelu Näsilinnasta 1918","Sheilakathryn Learmonth","War","2000"
"288","Attack the Block","Madelena McKeever","Action|Comedy|Sci-Fi","1990"
"289","Death on the Staircase (Soupçons)","Korry Treacher","Crime|Documentary","2007"
"290","Ice Cream Man","Tobi Stoggell","Comedy|Horror","1991"
"291","Late Quartet, A","Ardelis Smullin","Drama","1998"
"292","Dodge City","Pancho Kezar","Romance|Western","2012"
"293","Bloodstone: Subspecies II","Stanford Percy","Horror","2010"
"294","Lean on Me","Walsh De Biasio","Drama","1990"
"295","Snake Pit, The","Elora Gantzman","Drama","2010"
"296","All the Way Home","Elizabeth Laugheran","Drama","1994"
"297","Extreme Ops","Emelda Norvill","Action|Adventure|Crime|Thriller","2012"
"298","Detroit 9000","Idelle Downer","Action|Crime","1991"
"299","Dead Space: Downfall","Rudyard Cauthra","Action|Animation|Sci-Fi","2012"
"300","Cold Turkey","Gordon Faull","Comedy","2007"
"301","Crying Freeman","Dante Kubica","Action|Crime|Thriller","2002"
"302","Dylan Moran: Like, Totally","Weston Sawfoot","Comedy","2010"
"303","Boy","Cassondra MacFadden","Comedy|Drama","2006"
"304","Blue Gardenia, The","Candra Tyce","Crime|Drama|Film-Noir|Thriller","2000"
"305","Boy Meets Boy","Perl Cobbold","Romance","2009"
"306","Zoo","Flori Coie","Documentary","1996"
"307","American Pop","Keelia Kimmins","Animation|Musical","2013"
"308","Caddy, The","Randal Moukes","Comedy|Musical","1992"
"309","Stealing Beauty","Noella Geertje","Drama","1986"
"310","Dominion Tank Police (Dominion)","Mildred Gobbett","Action|Animation|Comedy|Sci-Fi","1994"
"311","Not Here to Be Loved (Je ne suis pas là pour être aimé)","Bennie Lennarde","Drama|Romance","2007"
"312","Cet amour-là","Derril Helks","Drama|Romance","1994"
"313","Bread, Love and Dreams (Pane, amore e fantasia)","Terra Willoughley","Comedy|Romance","1964"
"314","Change of Plans (Le code a changé)","Toma Spiteri","Comedy|Drama","1992"
"315","Breathing Fire","Valera Abramovici","Action","2010"
"316","She Had to Say Yes","Darren Kirvin","Drama","1997"
"317","Memories (Memorîzu)","Keelby Lipson","Animation|Fantasy|Sci-Fi|Thriller","1998"
"318","Thrill of Brazil, The","Reba Hafner","Musical","2003"
"319","Wrong Turn 3: Left for Dead","Carine Beardall","Horror","2006"
"320","Scooby-Doo! Abracadabra-Doo","Thibaud Gencke","Animation|Children|Mystery","2010"
"321","I Can't Sleep (J'ai pas sommeil)","Amandie Brastead","Drama|Thriller","1995"
"322","Song Remains the Same, The","Iain Kield","Documentary|Musical","2006"
"323","Christmas Evil (a.k.a. You Better Watch Out)","Devan Carrabott","Horror|Thriller","2000"
"324","Executioner, The (Massacre Mafia Style)","Lanae Castanyer","Crime|Drama|Thriller","1991"
"325","Old Dark House, The","Mervin Popham","Drama|Horror|Thriller","1984"
"326","It All Starts Today (Ça commence aujourd'hui)","Ingeberg Lepper","Drama","2002"
"327","Goin' South","Minni Eadon","Comedy|Western","1994"
"328","Potiche","Ches Killik","Comedy","2011"
"329","Love Comes Softly","Marquita Delacourt","Drama|Romance|Western","2009"
"330","Night Catches Us","Janelle Rudge","Drama|Romance","2001"
"331","Final Cut","Keely Britee","Drama","2002"
"332","Future, The","Elana Onions","Drama","2009"
"333","Eddie Izzard: Force Majeure Live","Kaylil Dyke","Comedy","1993"
"334","Beerfest","Cordi Goodby","Comedy","2001"
"335","Cain and Mabel","Hollis Randlesome","Comedy|Musical|Romance","2001"
"336","Terminal USA","Pearce Ruckhard","Comedy","1997"
"337","All or Nothing","Demott Leggen","Drama","2010"
"338","Frozen North, The","Joeann Cicetti","Comedy","2001"
"339","Seven Thieves","Locke Sharpless","Crime|Drama","1998"
"340","Tough Guise: Violence, Media & the Crisis in Masculinity","Anjanette Paradis","Documentary","2004"
"341","Spy Kids: All the Time in the World in 4D","Carry Gideon","Action|Adventure|Children|Comedy|Sci-Fi","2003"
"342","Kill Your Darlings","Di Reveley","Crime|Drama|Romance|Thriller","2011"
"343","Mozart and the Whale","Wendall Treamayne","Comedy|Drama|Romance","1988"
"344","Kwaidan (Kaidan)","Ottilie O' Mullan","Horror","1999"
"345","Fat, Sick & Nearly Dead 2","Jen Tiuit","Documentary","2009"
"346","Party 2, The (Boum 2, La)","Brook Brownsworth","Comedy|Romance","2009"
"347","Double Or Nothing","Latrena Caville","(no genres listed)","1989"
"348","Prime Suspect 2","Michael Torrecilla","Crime|Drama|Mystery|Romance|Thriller","2009"
"349","Cry, the Beloved Country","Simon Corn","Drama","2001"
"350","Galaxy Express 999 (Ginga tetsudô Three-Nine)","Emelia Haylands","Adventure|Animation|Fantasy|Sci-Fi","2001"
"351","Stepdaughter, The","Quincy Coners","Horror|Thriller","1998"
"352","Stuart Little","Rowney Tillot","Children|Comedy|Fantasy","1993"
"353","Barbary Coast","Addie Jiggins","Adventure|Drama|Romance|Western","1993"
"354","Five Fingers","Vinni Rosander","Drama|Thriller","1997"
"355","Night Court","Windham Pifford","Crime|Film-Noir|Thriller","2003"
"356","Mega Python vs. Gatoroid","Lucian Eggers","Action|Horror|Sci-Fi","2007"
"357","Third Wheel, The","Rosella Aberkirder","Comedy|Romance","1992"
"358","Forget Paris","Paddie Tomkowicz","Comedy|Romance","1997"
"359","Dante's Inferno","Gusti Elph","Action|Drama","1990"
"360","Housebound","Auria Hurne","Comedy|Horror|Thriller","2007"
"361","See You Next Tuesday","Torr Elnough","Comedy|Drama","1994"
"362","Zatoichi and the Fugitives (Zatôichi hatashi-jô) (Zatôichi 18)","Mar Aldred","Action|Adventure|Drama","2005"
"363","Great Caruso, The","Maxi Genese","Drama|Musical","2004"
"364","Stuff, The","Adolphus Deetlefs","Comedy|Horror|Mystery|Sci-Fi","2000"
"365","What Matters Most","Evyn Everix","Drama","2004"
"366","Full Speed (À toute vitesse)","Tobie Vedeshkin","Drama","1990"
"367","Yamakasi - Les samouraïs des temps modernes","Beverlee Kleinstern","Action|Crime|Drama","2010"
"368","Katyn","Tiena True","Drama|War","2005"
"369","No Retreat, No Surrender 2: Raging Thunder","Monika Holliar","Action|Adventure","2002"
"370","Numb","Thomasine Forrestill","Comedy|Drama|Romance","2010"
"371","Ring of Terror","Deni Stennes","Horror","1995"
"372","Dead Calm","Filide Kynnd","Thriller","2007"
"373","My Little Chickadee","Alberto Braunes","Comedy|Western","2006"
"374","McCabe & Mrs. Miller","Alphonso Walesby","Drama|Western","2012"
"375","Eye of the Beholder","Blair Clues","Thriller","2005"
"376","See No Evil","Avigdor Bailess","Horror","1999"
"377","Port of Call (Hamnstad)","Ezra Brett","Drama","1989"
"378","Mothlight","Idalia Aguirrezabala","Documentary","1989"
"379","Honeysuckle Rose (a.k.a. On the Road Again)","Worthington Dunlap","Drama|Romance","2006"
"380","Funeral in Berlin","Aarika Chevin","Action|Drama|Thriller","2007"
"381","Soul of Bread, The (Ai de mian bao hun)","Shawna Michelin","Comedy|Romance","2009"
"382","Demoted","Evaleen O'Lochan","Comedy","2010"
"383","Flirting With Disaster","Alix Mustoo","Comedy","1993"
"384","Anna Karenina","Francene Tumulty","Drama|Romance","2004"
"385","Vamp","Garland Creeboe","Comedy|Horror","2000"
"386","Boys Life 4: Four Play","Shelby Reimer","Comedy|Drama","2012"
"387","Brides of Dracula","Walliw Marwick","Horror","2000"
"388","Shop on Main Street, The (Obchod na korze)","Petunia Parlour","Drama","1999"
"389","Shock Doctrine, The","Sophie Critten","Documentary","2013"
"390","Day and Night (Le jour et la nuit)","Catha Trodden","Drama","2003"
"391","Despicable Me 2","Jordon Shervil","Animation|Children|Comedy|IMAX","2007"
"392","Lines: Horizontal","Ardene McMyler","Animation","1998"
"393","Drop, The","Rica Kemer","Crime|Drama|Thriller","1999"
"394","Adam Resurrected","Merwin McLuckie","Drama|War","2008"
"395","Outpost: Black Sun","Rosemonde Alejo","Action|Horror","2005"
"396","Jaguar","Rick Mawditt","Documentary","1995"
"397","Legacy, The","Mickie Sangwin","Horror","2000"
"398","Michael Jackson: Life of a Superstar","Carolann Abramski","Documentary","2005"
"399","Elena Undone","Sandye Bacher","Drama|Romance","1999"
"400","C.H.O.M.P.S.","Garry Barrowcliffe","Comedy|Sci-Fi","2008"
"401","Spirits of the Dead","Godwin Le Franc","Horror|Mystery","2008"
"402","Lilting","Sigfried Glewe","Drama","2012"
"403","You Don't Know Jack","Ame Cridlan","Drama","1992"
"404","Tideland","Esther Saddler","Drama|Fantasy|Thriller","2011"
"405","Getaway, The","Egbert Shellard","Action|Crime|Drama|Thriller","1996"
"406","Sorority Babes in the Slimeball Bowl-O-Rama","Bartholemy Biddleston","Comedy|Horror","1999"
"407","Killing, The","Alysia Lea","Crime|Film-Noir","2008"
"408","Legend of Leigh Bowery, The","Elianora Noakes","Documentary","2008"
"409","Killjoy","Ina Heijnen","Horror","1996"
"410","Keys to the House, The (Chiavi di casa, Le)","Izabel Lynnett","Drama","2000"
"411","Afternoon of a Torturer, The (Dupa-amiaza unui tortionar)","Seka Corteis","Drama","2005"
"412","Queen, The","Edouard Wetwood","Drama","2008"
"413","Rio Bravo","Franky Whordley","Western","2009"
"414","Shipwrecked (a.k.a. Haakon Haakonsen)","Allin Douse","Adventure|Children","2001"
"415","I Went Down","West Harradine","Comedy|Crime|Drama","1999"
"416","Takeshis'","Edvard Bortolazzi","Comedy|Drama","1995"
"417","French Fried Vacation 2 (Les bronzés font du ski)","Seth Lardge","Comedy","2004"
"418","Prefab People, The (Panelkapcsolat)","Brooks Yacobsohn","Drama","2011"
"419","Contracted","Imogen Walley","Drama|Horror|Thriller","1964"
"420","No Time for Love","Orton Soffe","Comedy|Romance","2006"
"421","More the Merrier, The","Mickie Channing","Comedy|Romance","1998"
"422","Pinocchio","Kanya Pipworth","Animation|Children|Fantasy|Musical","2012"
"423","Spaghetti West, The","Pavia Dincke","Documentary","1997"
"424","Cabin in the Woods, The","Phyllis Burwood","Comedy|Horror|Sci-Fi|Thriller","2007"
"425","Second Best","Kare Leathlay","Drama","2007"
"426","Man in the Middle","Amy Rudsdell","Drama|War","2005"
"427","Leaving Las Vegas","Aurel Morrissey","Drama|Romance","1991"
"428","Nutty Professor, The","Pasquale Follett","Comedy|Fantasy|Romance|Sci-Fi","2009"
"429","Adventures of Felix, The (a.k.a. Funny Felix) (Drôle de Félix)","Drake Menpes","Comedy|Drama","1992"
"430","Class, The (Klass)","Roddy Harcarse","Drama","2000"
"431","Aristocrats, The","Codie Middiff","Comedy|Documentary","2002"
"432","Shark Alarm at Müggelsee (Hai Alarm am Müggelsee)","Karly Smorfit","Comedy","1973"
"433","From Beginning to End (Do Começo ao Fim)","Violette Luckie","Drama|Romance","1992"
"434","Celestial Wives of the Meadow Mari (Nebesnye zheny lugovykh mari)","Virgie Whelband","Drama","1990"
"435","Better Way to Die, A","Kerwin Gammon","Action|Thriller","2010"
"436","Bombardier","Chrissie Eades","Drama|War","1962"
"437","Münchhausen","Christy Laweles","Adventure|Comedy|Fantasy","1990"
"438","Strange Invaders","Gertrude Meffen","Drama|Romance|Sci-Fi","2012"
"439","D.A.R.Y.L.","Lizzie Simionescu","Adventure|Children|Sci-Fi","1971"
"440","Jackass Presents: Bad Grandpa","Savina Ebden","Comedy","1992"
"441","Congress, The","Jayme Hawkswell","Documentary","1999"
"442","Party Girl","Lek France","Drama|Film-Noir","2012"
"443","Ted Bundy","Elissa Hodjetts","Crime|Drama|Thriller","2006"
"444","Just Cause","Cyb Whichelow","Mystery|Thriller","2011"
"445","Chant of Jimmy Blacksmith, The","Sabrina Butterly","Drama","2011"
"446","Donkey Skin (Peau d'âne)","Aura Vannuchi","Children|Drama|Fantasy|Musical|Romance","2009"
"447","Abandoned","Ignace Beachem","Drama|Mystery|Thriller","2004"
"448","Brotherhood, The","Stephani Slevin","Crime|Drama","1994"
"449","Sky Crawlers, The (Sukai kurora)","Jenica Gaythwaite","Adventure|Animation|Drama","1983"
"450","Ice Castles","Velma Edmans","Drama|Romance","1993"
"451","Blood, Guts, Bullets and Octane","Dyanna Hartman","Action|Comedy","2012"
"452","Welcome, or No Trespassing","Rockie Rohlfs","Children|Comedy","2012"
"453","Black Caesar","Midge Lisamore","Crime|Drama","2010"
"454","Three Stooges Meet Hercules, The","Gillian Norssister","Comedy|Fantasy","2003"
"455","The Pirates","Ivy De la Yglesia","Adventure","2008"
"456","Dawn of the Planet of the Apes","Brit Geerdts","Sci-Fi","1999"
"457","Robin Hood: Men in Tights","Sharai Ransfield","Comedy","2003"
"458","What About Dick?","Jodie Le Cornu","Comedy","2008"
"459","Four Sided Triangle","Jeddy Hacun","Romance|Sci-Fi","2007"
"460","Love & Savagery","Hew Whight","Drama|Romance","1993"
"461","Art of War III: Retribution, The","Casey Thomassin","Action|Thriller","2002"
"462","Last of the Mohicans, The","Joann Creelman","Adventure|Drama","1969"
"463","On Guard (Bossu, Le)","Loy Baltzar","Adventure|Drama","1991"
"464","Everything Put Together","Darb Prestie","Drama","2008"
"465","A Run for Your Money","Don Droogan","Comedy","2001"
"466","Covenant, The","Eula Akred","Action|Horror|Thriller","2007"
"467","Death Race 2","Freda Blanche","Action|Sci-Fi|Thriller","1995"
"468","Show Boat","Dacy Gumme","Drama|Musical|Romance","1996"
"469","Holy Innocents, The (Santos inocentes, Los)","Mahalia Clarabut","Drama","2004"
"470","Tom and Huck","Minerva Kierans","Adventure|Children","1994"
"471","Halloween","Anthea Quakley","Horror","2003"
"472","Bow, The (Hwal)","Allie Brozsset","Drama|Romance","1998"
"473","Italian, The (Italianetz)","Pyotr Preddy","Drama","2001"
"474","Watchmen: Tales of the Black Freighter","Roth Delamere","Action|Adventure|Animation|Horror","1997"
"475","Abraham's Valley (Vale Abraão)","Catharine Ledbetter","Drama","1992"
"476","Secret Agent, The","Elora Sergeant","Drama","1997"
"477","War of the Wildcats (In Old Oklahoma)","Branden Milne","Western","2005"
"478","Find Me Guilty","Kai Lowseley","Comedy|Crime|Drama","1998"
"479","Wu yen","Lynnelle Peniello","Comedy|Fantasy","2009"
"480","Against the Ropes","Stevana Drews","Comedy|Drama","2005"
"481","St Trinian's 2: The Legend of Fritton's Gold","Lindsay Medley","Adventure|Comedy","2010"
"482","Million Dollar Legs","Gabbie Catton","Comedy","1986"
"483","Just a Gigolo","Jeremias Sigert","Comedy|Romance","2010"
"484","Magic of Belle Isle, The","Vinnie Guiu","Comedy|Drama","2000"
"485","One Nite In Mongkok (Wong gok hak yau)","Camilla Warcup","Action|Crime|Drama","1987"
"486","Mother of Tears: The Third Mother (Terza madre, La)","Doria Croizier","Fantasy|Horror|Thriller","1994"
"487","Marshland (Isla mínima, La)","Anabella Seamer","Action|Crime","1965"
"488","Bread, My Sweet, The (a.k.a. Wedding for Bella, A)","Starla MacGuffog","Drama|Romance","1992"
"489","Whispering Corridors (Yeogo Goedam)","Nerty Burnard","Drama|Horror","1992"
"490","Mambo Italiano","Audra McClune","Comedy","2000"
"491","Kosmos","Pat Cleverly","Drama","1993"
"492","Muck","Pauli Najara","Horror","2006"
"493","Indecent Proposal","Rowena Christophers","Drama|Romance","2007"
"494","Koyaanisqatsi (a.k.a. Koyaanisqatsi: Life Out of Balance)","Kathie Bartley","Documentary","1999"
"495","Piripäiväkirja","Caitlin Halson","Documentary","2006"
"496","Dear Mr. Watterson","Judah Rule","Documentary","1992"
"497","Change of Habit","Court Vinall","Drama","2001"
"498","A Rumor Of War","Jammal Mixture","(no genres listed)","1996"
"499","Four Brothers","Karoly Jancik","Action|Crime|Drama","2011"
"500","Life of Reilly, The","Eloisa Capeloff","Comedy","1986"
"501","MirrorMask","Constance Simonutti","Adventure|Children|Drama|Fantasy","1993"
"502","Bruno (Dress Code, The)","Adelina McGarel","Comedy|Drama","1995"
"503","Devil's Rock, The","Athena Rothwell","Horror|Thriller|War","2002"
"504","Mother Knows Best","Brady Josskowitz","Crime|Thriller","2005"
"505","Cloudburst","Pennie Slatter","Adventure|Comedy|Drama","1986"
"506","Great Beauty, The (Grande Bellezza, La)","Joane McIver","Comedy|Drama","1997"
"507","Vares: The Path of the Righteous Men (Vares - Kaidan tien kulkijat)","Barb Sturrock","Crime|Drama","1994"
"508","High Heels and Low Lifes","Rand MacAleese","Action|Comedy|Crime|Drama","1984"
"509","Miss Representation","Brooks Arrol","Documentary","2012"
"510","Seven Girlfriends","Oberon Rodwell","Comedy|Romance","1962"
"511","Brøken, The (a.k.a. Broken, The)","Barbey Swatten","Drama|Horror|Thriller","1998"
"512","Yrrol: An Enormously Well Thought Out Movie (Yrrol - en kolossalt genomtänkt film)","Alicia Dorricott","Comedy","1994"
"513","Whirlygirl","Fionna Florentine","Drama|Romance","2012"
"514","Beach Red","Hercule Gotcliff","Drama|War","2006"
"515","Freeze Me","Pacorro Burridge","Drama|Thriller","2006"
"516","Odd Couple II, The","Reuven Letch","Comedy","1997"
"517","Beck - Öga för öga","Thelma Langelay","(no genres listed)","2009"
"518","Master and Commander: The Far Side of the World","Vivianne Geraud","Adventure|Drama|War","2012"
"519","Freeway","Jan Greep","Thriller","1996"
"520","Whole Night, A (Toute une nuit)","Eartha Beedie","Drama","2006"
"521","Little Girl Who Lives Down the Lane, The","Melody Keelan","Drama|Mystery|Thriller","1998"
"522","Great White Silence, The","Lexi Shank","Documentary","1998"
"523","Creepshow 3","Karyn McTaggart","Horror","2005"
"524","Scream, Blacula, Scream!","Mellisa Beaney","Horror","1995"
"525","Fiorile","Ingamar Joint","Drama","2004"
"526","Children Shouldn't Play with Dead Things","Garvy Gownge","Horror","1996"
"527","Short Sharp Shock (Kurz und schmerzlos) ","Ettie Nowill","Crime|Drama","2007"
"528","Elizabeth","Waylen Goundry","Drama","2004"
"529","Northfork","Engracia Frankcomb","Drama|Fantasy","2005"
"530","Someone Marry Barry","Debora Babb","Comedy","1986"
"531","Send Me No Flowers","Sybilla Drayson","Comedy|Romance","1991"
"532","Imaginaerum","Marmaduke Baylis","Fantasy|Musical","1997"
"533","It's a Bikini World","Prentiss Gladyer","Comedy","2004"
"534","Thousand Words, A","Mirilla McFarlan","Comedy|Drama","1996"
"535","Chinese Odyssey 2002 (Tian xia wu shuang)","Junette Shawcross","Action|Comedy|Romance","1997"
"536","Hercules","Farlie Fisby","Adventure|Animation|Children|Comedy|Musical","1995"
"537","Bride of Frankenstein, The (Bride of Frankenstein)","Putnam Gundrey","Drama|Horror|Sci-Fi","2008"
"538","Vision (Vision - Aus dem Leben der Hildegard von Bingen)","Alanson Burtonshaw","Drama","2008"
"539","For Heaven's Sake","Lilith Cawson","Action|Comedy|Romance","1981"
"540","See Heaven","Deane Spacie","Documentary","2002"
"541","Yellow Sea, The (a.k.a. The Murderer) (Hwanghae)","Donaugh Litzmann","Crime|Drama|Thriller","2008"
"542","Official Story, The (La historia oficial)","Tanya Gethyn","Drama","2006"
"543","Broken Lullaby (a.k.a. The Man I Killed)","Gun Krysztofowicz","Drama","2011"
"544","I Love You Too","Neron Hatz","Comedy","1993"
"545","Sexual Chronicles of a French Family (Chroniques sexuelles d'une famille d'aujourd'hui)","Jammie Landes","Comedy|Drama","1994"
"546","Evelyn","Donni Blanko","Drama","1995"
"547","Garfield's Pet Force","Fannie Antonov","Animation","2009"
"548","Underworld U.S.A.","Rip Cleghorn","Crime|Drama","1994"
"549","My Wife's Relations","Cathlene Jarrelt","Comedy","2011"
"550","Thousand Cuts, A","Hamil Brolechan","Thriller","1998"
"551","Smurfs 2, The","Willa Toy","Animation|Children|Comedy","2008"
"552","Children of Noisy Village, The (a.k.a Children of Bullerby Village, The) (Alla vi barn i Bullerbyn)","Abagail Laughnan","Children","1994"
"553","Commando","Grantley Casiero","Action|Adventure","1997"
"554","Outfit, The","Barbie Filip","Crime|Drama|Thriller","2009"
"555","Air Crew","Bree Portman","Action|Drama|Thriller","1993"
"556","Young Philadelphians, The","Anneliese Sawell","Drama","1994"
"557","Girl Crazy","Fanny McColl","Comedy|Musical|Romance","2005"
"558","My Dear Secretary","Patty Agastina","Comedy|Romance","1994"
"559","Miracle on 34th Street","Carney Calbert","Drama","1994"
"560","Food, Inc.","Adlai Dutchburn","Documentary","2003"
"561","Army of Darkness","Lonee Dadds","Action|Adventure|Comedy|Fantasy|Horror","2011"
"562","You May Not Kiss the Bride","Darwin Dicky","Action|Comedy|Crime|Romance","2004"
"563","Efectos secundarios","Karyl Jacobi","Comedy","2004"
"564","Movie Crazy","Kassia Stansbury","Comedy|Romance","1987"
"565","Hide Your Smiling Faces","Shea Lothlorien","Drama","2011"
"566","Life Is Hot in Cracktown","Konstance Goede","Drama","1999"
"567","Man Between, The","Norrie Loraine","Drama|Film-Noir|Romance|Thriller","1993"
"568","Magnificent Obsession","Bobbette Huddy","Drama|Romance","2005"
"569","Fletch","Egon Daysh","Comedy|Crime|Mystery","1996"
"570","Swing Shift","Jermaine Wellum","Drama","2009"
"571","Riki-Oh: The Story of Ricky (Lik Wong)","Natalya Gettens","Action|Crime|Thriller","1992"
"572","Disco Godfather","Kerk Haye","Action|Crime|Drama","2007"
"573","Shirley Valentine","Jakie Salatino","Comedy|Romance","1988"
"574","Spin","Bronny Hutcheons","Children|Drama","2002"
"575","Swimming Pool","Birch Wooderson","Drama|Mystery|Thriller","2009"
"576","Rockers","Anita Crame","Comedy|Drama|Musical","2002"
"577","Dragon Age: Blood mage no seisen (a.k.a. Dragon Age: Dawn of the Seeker)","Belicia Jimeno","Animation|Fantasy","2004"
"578","Tom, Dick and Harry","Colman Auton","Comedy|Fantasy|Romance","1997"
"579","Heaven and Earth (Ten to Chi to)","Curran Adolthine","Action|Adventure|Drama|War","2004"
"580","Kid, The","Helenelizabeth Keysel","Comedy|Drama","1995"
"581","Venom","Ariella Slator","Horror|Thriller","2010"
"582","Whatever Lola Wants","Rhona McKevany","Drama","1994"
"583","Ivans xtc.","Merla Duggon","Drama","1991"
"584","Sintel","Heall Eschalette","Animation|Fantasy","2008"
"585","Waiting to Exhale","Ellie Manzell","Comedy|Drama|Romance","2006"
"586","Cheech & Chong's The Corsican Brothers","Tonye Semiraz","Comedy","1995"
"587","Peter Pan","Pedro Cadogan","Action|Adventure|Children|Fantasy","2008"
"588","Idle Hands","Naomi Sommers","Comedy|Horror","1990"
"589","Five Graves to Cairo","Zebulen Sommers","Thriller|War","1995"
"590","Asterix & Obelix vs. Caesar (Astérix et Obélix contre César)","Cary Cheng","Adventure|Children|Comedy|Fantasy","1993"
"591","Pete 'n' Tillie","Devon Reicharz","Comedy|Drama","1993"
"592","Homicidal","Townsend Maskill","Horror|Mystery|Thriller","1995"
"593","Privates on Parade","Barrett Rawlyns","Comedy|Drama|War","2012"
"594","Apart from You (After Our Separation) (Kimi to wakarete)","Ola Scourge","Drama","2000"
"595","Dr. Jekyll and Mr. Hyde","Armand Burtt","Drama|Horror","2004"
"596","Pathfinder","Merle Tickner","Action|Adventure|Drama|Thriller|War","2002"
"597","Dragon Seed","Pierson Cooper","Drama","1998"
"598","Frozen Fever","Jesse Heasman","Adventure|Animation","1998"
"599","Bean","Rhody Seeley","Comedy","1995"
"600","Piranha (Piranha 3D)","Myrah Sabie","Action|Horror|Thriller","1990"
"601","Road to Redemption","Matilda Kynman","Comedy|Drama","2000"
"602","K-20: The Fiend with Twenty Faces","Moses Waliszewski","Action|Adventure|Crime","1996"
"603","Real Men","Arty Bachura","Comedy|Sci-Fi","2012"
"604","Chameleon (Kaméleon)","Jillian O'Feeny","Comedy|Drama|Thriller","1995"
"605","20,000 Years in Sing Sing","Fredi Clemow","Crime|Drama","1993"
"606","Our Vines Have Tender Grapes","Corry Duckerin","Drama","1998"
"607","Arranged","Farlie Worcs","Comedy|Drama|Romance","2007"
"608","Playing God","Marcos McQuirter","Crime|Drama|Thriller","1999"
"609","Huhwihaji Anha (No Regret)","Amory Ordish","Drama","2008"
"610","Halloween 5: The Revenge of Michael Myers","Hugibert Larkkem","Horror","1970"
"611","Charlie Chan's Murder Cruise","Yettie Cansdell","Comedy|Crime|Mystery|Thriller","1961"
"612","Backstage","Thorn Gorgler","Drama","1997"
"613","Port of Shadows (Quai des brumes)","Claude Pinchin","Drama","2002"
"614","How to Make Love to a Woman","Ermentrude Andreou","Comedy|Romance","2006"
"615","Warning from Space (Uchûjin Tôkyô ni arawaru)","Dinny Boone","Sci-Fi","1999"
"616","Dear John","Lyndy Sandiland","Drama|Romance|War","1999"
"617","Paper Moon","Neilla Seear","Comedy|Crime|Drama","1994"
"618","The Russian Novel","Skip Chapell","Drama","2008"
"619","Requiem for a Heavyweight","Berte Izatson","Drama","1995"
"620","One Lucky Elephant","Wait Springtorpe","Documentary","2001"
"621","Bread and Tulips (Pane e tulipani)","Clair Branthwaite","Comedy|Drama|Romance","1997"
"622","Wicker Man, The","Korry Hatcliffe","Horror|Mystery|Thriller","2000"
"623","Lady Killer","Dimitry Vitte","Comedy|Crime","2009"
"624","4","Gwenni Helks","Drama","2012"
"625","Carmen Comes Home (Karumen kokyo ni kaeru)","Hunter Ding","Comedy","2002"
"626","C.S.A.: The Confederate States of America","Angelica Fernandez","Comedy|Drama","1992"
"627","Earthquake","Nicole Yewdall","Action|Drama|Thriller","1993"
"628","About a Boy","Dulcie Bowe","Comedy|Drama|Romance","2007"
"629","Sorority Boys","Lauryn Yakob","Comedy","1995"
"630","Inside","Corly Fazackerley","Action","2012"
"631","Bottle Rocket","Herculie Hudd","Adventure|Comedy|Crime|Romance","2000"
"632","Diary of a Shinjuku Thief (Shinjuku dorobo nikki)","Ardra Smithyman","Comedy|Drama","2002"
"633","Down in the Valley","Manuel Shawyer","Drama|Romance","2002"
"634","April Fool's Day","Blondell Larmor","Horror","1992"
"635","Julius Caesar","Any Tebbett","Drama","2006"
"636","Crawlspace","Loella Stuer","Horror|Thriller","1986"
"637","Rocky V","Betsey Andreini","Action|Drama","1995"
"638","Zack and Miri Make a Porno","Perkin Seabridge","Comedy|Drama|Romance","1993"
"639","They Have Escaped (He ovat paenneet)","Cody Grice","Drama","2009"
"640","Silent Light (Stellet licht)","Brockie Sillis","Drama","2001"
"641","Gentleman Jim","Noella Thorald","Comedy|Drama|Romance","1997"
"642","Replacements, The","Misha Bilbrook","Comedy","1999"
"643","Coming Home","Janos Noell","Drama|War","1990"
"644","Stone Cold","Cecily Jozefczak","Action|Crime","1997"
"645","Brothers","Kelley Denecamp","Drama|Thriller|War","1999"
"646","Magic Trip","Abbye Clilverd","Documentary","1994"
"647","Virtual JFK: Vietnam If Kennedy Had Lived","Wolfy Muggeridge","Documentary","1995"
"648","Father Takes a Wife","Wilburt Emig","Comedy|Romance","2010"
"649","Madame Curie","Dane Hanwright","Drama","2008"
"650","Pope of Greenwich Village, The","Taylor Duffet","Drama","1993"
"651","Tiger of Eschnapur, The (Tiger von Eschnapur, Der)","Ronna Blindmann","Adventure|Romance","1994"
"652","Maniac Cop 2","Brunhilda Parrett","Action|Horror|Thriller","2007"
"653","Burglar","Laureen Udden","Comedy|Crime","1987"
"654","Inn of the Sixth Happiness, The","Cinda Snailham","Adventure|Drama","1992"
"655","High Road to China","Derick Menicomb","Adventure|Drama|Romance|War","2000"
"656","Encore","Melanie Prothero","Comedy|Drama","2012"
"657","Artois the Goat","Nanette Musicka","Comedy","1988"
"658","Last Winter (L'hiver dernier)","Elaina Hynd","Drama","2004"
"659","Wendigo","Denyse Wogan","Drama|Horror","2011"
"660","Flywheel","Ivar Lynas","Drama","1994"
"661","Match, The","Wilmar Philipet","Comedy|Romance","1993"
"662","Casey Jones","Tiffi Cleeves","Action|Adventure|Fantasy","1985"
"663","Too Tough to Die: A Tribute to Johnny Ramone","Marijn Kynnd","Documentary","1986"
"664","Sex: The Annabel Chong Story","Cosme Maxfield","Documentary","2009"
"665","Green Years, The","Dane Precious","Drama","2005"
"666","3 Days to Kill","Lenka Karchewski","Action|Crime|Drama","2012"
"667","My Man Godfrey","Oralie Dudney","Comedy","1995"
"668","Embalmer, The (Imbalsamatore, L')","Golda Headan","Drama","2000"
"669","Anniversary, The","Adler Bastie","Comedy|Drama|Horror|Thriller","1995"
"670","In Bruges","Angelica Segrott","Comedy|Crime|Drama|Thriller","2004"
"671","High School","Jacquette Sampey","Comedy","2008"
"672","Private Confessions","Tatiana Gartin","Drama","1996"
"673","Money (L'argent)","Tillie Wisher","Crime|Drama","1993"
"674","Octopussy","Teriann Stansfield","Action|Adventure|Thriller","2008"
"675","Rainy Dog (Gokudô kuroshakai)","Abbi Scanes","Crime|Drama","1992"
"676","Bakeneko: A Vengeful Spirit (Kaibyô nori no numa) (Ghost-Cat Cursed Pond, The)","Witty Kaplin","Horror","1995"
"677","Emerald Cowboy","Helsa Alywen","Documentary|Drama","1998"
"678","Supergirl","Fredek Grishenkov","Action|Adventure|Fantasy","2001"
"679","Natural, The","Waverley Sargent","Drama","2004"
"680","Blackout","Silvana Townshend","Horror|Thriller","2003"
"681","My Sister's Keeper","Chester Aingel","Drama","1992"
"682","Skylark","Alika Amer","Comedy|Romance","2010"
"683","Louis C.K.: Live at The Comedy Store","Eleen Kobpac","Comedy","1990"
"684","Scooby-Doo! WrestleMania Mystery","Lynne Chaters","Animation|Children","2005"
"685","Katsastus","Addie Caldwall","Comedy|Drama","1994"
"686","Hollywood Revue of 1929, The","Joelly Palffrey","Musical","2004"
"687","Fistful of Fingers, A","Joletta Odegaard","Comedy|Western","1988"
"688","Jonas","Amery Arent","Comedy","2008"
"689","Last Days of Disco, The","Daniele Gatley","Comedy|Drama","1987"
"690","Mindhunters","Desmond Cleaver","Action|Crime|Horror|Mystery|Thriller","1998"
"691","We Are Young. We Are Strong.","Terrel Brunroth","Drama","1994"
"692","By the Bluest of Seas (U samogo sinego morya)","Rayshell Sacchetti","Drama","1995"
"693","54","Germaine Meiklejohn","Drama","2009"
"694","Sword and the Sorcerer, The","Nicolais Sevier","Action|Adventure|Fantasy","1995"
"695","Book Thief, The","Vincenz O'Hanley","Children|Drama|War","2008"
"696","Aladdin","Darryl Boshere","Adventure|Animation|Children|Comedy|Musical","2005"
"697","Whole Night, A (Toute une nuit)","Eyde Willey","Drama","1999"
"698","Tokyo Fiancée","Shellie Lorraway","(no genres listed)","1992"
"699","Accidents Happen","Florance Simanek","Comedy|Drama","2006"
"700","Trespass","Merl Berthelmot","Action|Crime|Thriller","2003"
"701","Camelot","Cecily Szymanek","Drama|Musical|Romance","2008"
"702","Texas Chainsaw Massacre: The Beginning, The","Elspeth Brunskill","Horror|Thriller","1993"
"703","Shepherd","Lexy Sallenger","Sci-Fi","1989"
"704","Machinist, The (Maquinista, El)","Gerek Ockendon","Mystery|Thriller","2008"
"705","Don't Give Up the Ship","Pace Blackett","Comedy","2006"
"706","Boricua's Bond","Sadella Haacker","Drama","2002"
"707","Flipper","Conrado Braniff","Adventure|Children|Drama","2004"
"708","Troop Beverly Hills","Lana Bleacher","Comedy","1986"
"709","Crucible, The","Renate Dobrovolski","Drama","2003"
"710","Age of the Medici, The (L'età di Cosimo de Medici) ","Wolfy Keston","Drama","2007"
"711","Aftermath","Murial Yakobowitch","Action|Thriller","1990"
"712","Life as a House","Bekki Dockree","Drama","2004"
"713","Trip, The","Franciskus Loble","Comedy|Drama|Romance","2012"
"714","Riders","Hedvige Lantaff","Action|Crime|Thriller","2007"
"715","Bird of Prey","Agneta Spellworth","Action","1999"
"716","Promised Land","Timothy Weeden","Drama","2002"
"717","Life and Times of Hank Greenberg, The","Lurette Crame","Documentary","2002"
"718","Facts of Life, The","Tome Nelsey","Comedy|Drama|Romance","2011"
"719","Householder, The (Gharbar)","Stillmann Schurcke","Comedy|Drama","2008"
"720","Ultraman (Chôhen kaijû eiga: Urutoraman)","Nerty Scrigmour","Action|Fantasy|Sci-Fi","2000"
"721","Lady Eve, The","Tucker Waterdrinker","Comedy|Romance","2000"
"722","Dakota","Andie McHardy","Western","2007"
"723","Playing for Time","Margaretha Gladwin","Drama","1998"
"724","Suomisen Olli yllättää","Em Harlock","Drama","2003"
"725","The Floating Castle","Dennis Tallquist","Comedy|Drama","2010"
"726","Primary","Leeanne Browning","Documentary","1994"
"727","Men of Means","Brigham Dobing","Action|Drama","2011"
"728","Karol: A Man Who Became Pope (Karol, un uomo diventato Papa) (Karol. Czlowiek, który zostal papiezem)","Egbert Angelini","Drama","1999"
"729","Spy Kids 3-D: Game Over","Ardine Barge","Action|Adventure|Children","2000"
"730","Stigmata","Luther Roloff","Drama|Thriller","1992"
"731","Inconvenient Tax, An","Noelani Manlow","Documentary","1996"
"732","Last Time I Saw Archie, The","Abraham Bye","Comedy|Romance|War","2004"
"733","Merry Gentleman, The","Camella Stollhofer","Drama","2011"
"734","Venus & Fleur","Estevan Apedaile","(no genres listed)","2004"
"735","99 and 44/100% Dead","Joaquin Verden","Action|Adventure|Comedy|Crime","1999"
"736","Every Day","Nessy Ferby","Comedy|Drama","2007"
"737","Infernal Affairs 2 (Mou gaan dou II)","Lewes Berzons","Action|Crime|Drama|Thriller","1998"
"738","Just Add Water","Esma Stitt","Comedy|Romance","2002"
"739","I Now Pronounce You Chuck and Larry","Candie Silber","Comedy|Romance","1992"
"740","Me and the Colonel ","Nicolea Gaukroger","Comedy|War","2004"
"741","For Me and My Gal","Dick Wilsee","Drama|Musical|Romance","2009"
"742","Young Americans, The","Hort Ninotti","Crime|Drama","2005"
"743","I Accuse","Ailis Peeke-Vout","Drama|Horror|War","2009"
"744","Scenic Route, The","Edith Donnelly","Drama","2008"
"745","The Man Who Wouldn't Die","Corenda King","Crime|Drama|Thriller","1998"
"746","Hangover Square","Trixie Rothwell","Crime|Drama|Horror|Thriller","1994"
"747","Undiscovered","Nelly Garside","Comedy|Drama|Romance","2004"
"748","Tracks","Cheri Dincey","Adventure|Drama","2001"
"749","Dead & Buried","Garvey Duinbleton","Horror","1987"
"750","Confidentially Connie","Ailsun Orbine","Children|Comedy","1993"
"751","Frozen River","Braden Lapre","Drama","1995"
"752","Tom at the Farm (Tom à la ferme)","Siward Wike","Drama","1995"
"753","Back in the Day","Jayson Poutress","Comedy","1988"
"754","Vacancy 2: The First Cut","Lynsey Ivashnikov","Horror|Thriller","1995"
"755","Fall From Grace","Pattin Makeswell","Documentary","2001"
"756","Trucker","Eileen Straneo","Drama","1993"
"757","Synthetic Pleasures","Marion Buttler","Documentary","2009"
"758","Goofy Movie, A","Kingston Mettetal","Animation|Children|Comedy|Romance","2007"
"759","Sheena","Jacinta Salzburger","Action|Adventure|Fantasy","1998"
"760","Upswing (Nousukausi)","Sukey Wagg","Comedy|Drama","1985"
"761","Suddenly, Last Winter (Improvvisamente l'inverno scorso)","Yevette Pochin","Documentary","1995"
"762","The Grump","Sioux Ginie","Comedy","2012"
"763","Haunt","Allyson Fleote","Horror|Mystery","2011"
"764","Eden","Caroljean Macklam","Drama","2003"
"765","Good-bye, My Lady","Althea Searles","Drama","2006"
"766","Evil - In the Time of Heroes (To kako - Stin epohi ton iroon)","Camila Wonfor","Adventure|Comedy|Horror","1986"
"767","Matchmaker, The","Haley Camidge","Comedy|Romance","2011"
"768","Looking for Eric","Mimi Cabrara","Comedy|Drama|Fantasy","2009"
"769","Midnight Madness","Sollie Seven","Comedy","1983"
"770","Christmas Vacation (National Lampoon's Christmas Vacation)","Titus Bunce","Comedy","2010"
"771","Maximum Overdrive","Tiler Suller","Horror","2008"
"772","Magic in the Moonlight","Zane Rhelton","Comedy|Drama|Romance","1999"
"773","High School Musical 3: Senior Year","Malinda Tewkesberry","Musical","1999"
"774","Dog's Life, A","Dallis Lambertini","Comedy","2002"
"775","Abandon","Eddie Hellwig","Drama|Thriller","2006"
"776","Shogun's Ninja (Ninja bugeicho momochi sandayu)","Charlene Escot","Action|Adventure|Drama","1999"
"777","Let's Not Get Angry (Ne nous fâchons pas)","Mitchael Dales","Comedy|Crime","2001"
"778","Dog Nail Clipper (Koirankynnenleikkaaja)","Maddalena Petts","Drama","2007"
"779","51","Rudolfo Teese","Horror|Sci-Fi","1994"
"780","200 Cigarettes","Rebbecca Balmforth","Comedy|Drama","1992"
"781","Billy the Kid","Davina Cluley","Drama|Western","1993"
"782","Dr. Dolittle 3","Kirsti Benduhn","Children|Comedy|Fantasy","1969"
"783","Touch of Zen, A (Xia nu)","Carmencita Castelli","Action|Adventure","1996"
"784","Confessions of a Dangerous Mind","Tedman Babidge","Comedy|Crime|Drama|Thriller","2005"
"785","Belly 2: Millionaire Boyz Club","Shayne Andras","Drama","1994"
"786","Skenbart: En film om tåg","Parsifal Spini","Comedy","2008"
"787","Slow Southern Steel","Frazer Nestoruk","Documentary","2009"
"788","Main Hoon Na","Kenny Aleksich","Action|Comedy|Drama","2003"
"789","Gayby","Neilla Bulluck","Comedy|Drama","2001"
"790","Mickey","Rianon Fearnley","Crime|Drama","2004"
"791","Son of No One, The","Shannen Caunce","Action|Crime|Thriller","2003"
"792","Fighter in the Wind","Jessy Faithfull","Action|Drama","2004"
"793","Firehouse Dog","Ignatius Grimsdyke","Action|Comedy","2004"
"794","Results","Ambur Gilhoolie","Comedy|Romance","2007"
"795","21 tapaa pilata avioliitto","Kaiser McCaughran","Comedy|Romance","1992"
"796","Lone Wolf and Cub: Baby Cart in Peril (Kozure Ôkami: Oya no kokoro ko no kokoro)","Frederique Fairbrass","Action","1998"
"797","Notorious Landlady, The","Cherlyn Emanson","Comedy|Mystery","1992"
"798","Godfather, The","Vi Goodbarne","Crime|Drama","2008"
"799","New Waterford Girl","Sullivan Dunster","Comedy","1999"
"800","Another Me","Goran McLeary","Mystery|Thriller","2002"
"801","City Limits","Dennie Roach","Action|Sci-Fi","2010"
"802","Isabelle au bois dormant","Arlen Jee","Animation|Comedy","1992"
"803","Stranger on the Prowl (Imbarco a mezzanotte)","Brnaba Haslegrave","Drama","2012"
"804","Harishchandrachi Factory","Brana Brook","Comedy|Drama","2004"
"805","Mrs. Soffel","Kelila Liddiatt","Drama|Romance","2010"
"806","Frankenstein Must Be Destroyed","Gloriana Meake","Drama|Horror|Sci-Fi","2000"
"807","That Obscure Object of Desire (Cet obscur objet du désir)","Lizabeth Staner","Drama","2000"
"808","2010: Moby Dick","Tedi Yashin","Action|Adventure|Thriller","2008"
"809","White Massai, The (Weisse Massai, Die)","Rolph Found","Drama|Romance","1989"
"810","Visit to a Small Planet","Henrieta Samweyes","Comedy|Sci-Fi","2008"
"811","Assisted Living","Gav Smy","Comedy|Drama","1985"
"812","Voyage to the Prehistoric Planet","Bobinette Cockran","Adventure|Sci-Fi","1995"
"813","Enforcer, The","Paton Tungay","Crime","2003"
"814","Moonlight Serenade","Nickey Klimentov","Musical|Romance","2010"
"815","Last of Robin Hood, The","Maison Jugging","Drama","2002"
"816","14 Hours (Fourteen Hours)","Gussie Klass","Drama|Film-Noir|Thriller","1984"
"817","Sex and the City 2","Leigh Dorricott","Comedy|Drama|Romance","1996"
"818","Temptress, The","Rafe Handrahan","Drama|Romance","2000"
"819","Big Game","Athene Ratlee","Action|Adventure","2006"
"820","Ingmar Bergman Makes a Movie (Ingmar Bergman gör en film)","Shaun Krook","Documentary","1996"
"821","Uncovered","Grenville Shore","Mystery|Thriller","2012"
"822","High Time (Big Daddy)","Ivory Rait","Comedy|Musical","1996"
"823","Karan Arjun","Claresta Raftery","Drama","1996"
"824","Parallel Sons","Carlie Bottoner","Drama|Romance","1995"
"825","The Karen Carpenter Story","Bradford Daborne","(no genres listed)","2004"
"826","Heartburn","Franchot Archbutt","Comedy|Drama","2011"
"827","Wilderness","Arielle Kubera","Horror|Thriller","1998"
"828","Devil's Own, The","Constanta Greber","Action|Drama|Thriller","2012"
"829","Black Balloon, The","Ted Aldersley","Drama","2002"
"830","Juche Idea, The","Jammie Orry","Documentary","2003"
"831","Don Quixote","Christian Janiszewski","Adventure|Comedy|Drama|Romance","1992"
"832","Kahlekuningas","Odo Poluzzi","Comedy|Drama","2009"
"833","True Heart Susie","Franklin De Rechter","Drama|Romance","2011"
"834","Confessions of a Driving Instructor","Wernher Hamill","Comedy","1999"
"835","Bridegroom","Beryle Strangman","Documentary","1999"
"836","House of Sand and Fog","Steffi Seton","Drama","1994"
"837","Ju-on: The Curse 2","Meryl MacCauley","Horror","2008"
"838","Texas Terror","Jerry Sherston","Action|Romance|Western","1987"
"839","All I Want (Try Seventeen)","Barbabas Petegrew","Comedy|Drama|Romance","2005"
"840","Legal Deceit","Perl Worswick","Thriller","1995"
"841","Marius","Iago Muckloe","Comedy|Drama|Romance","2006"
"842","Guncrazy","Melantha Ferber","Crime|Drama|Thriller","2009"
"843","Cat Came Back, The","Sutherlan Urien","Action|Animation|Comedy","1992"
"844","Everything or Nothing: The Untold Story of 007","Averil Glenwright","Documentary","2011"
"845","A.K.","Regan Tropman","Documentary","2010"
"846","Genghis Blues","Pegeen Spileman","Documentary","2007"
"847","Snapshot","Collen Grent","Drama|Horror|Thriller","1994"
"848","Princess Bride, The","Darrelle Atthow","Action|Adventure|Comedy|Fantasy|Romance","1984"
"849","I Feel Sleepy","Miguel Rate","Comedy","1983"
"850","Day's Pleasure, A (Ford Story, A)","Donnell Simoncello","Comedy","1998"
"851","Moon","Yves Grigorini","Drama|Mystery|Sci-Fi|Thriller","2007"
"852","Moloch (Molokh)","Noble Kingman","Drama","2008"
"853","Hop","Englebert Spellsworth","Animation|Children|Comedy","2006"
"854","Benji the Hunted","Elladine Jeanneau","Adventure|Children","1987"
"855","Video Games: The Movie","Dagmar Jaquest","Documentary","2001"
"856","American Pie Presents: The Book of Love (American Pie 7: The Book of Love)","Thomasin Shallow","Comedy","1990"
"857","Secret Adventures of Tom Thumb, The","Gilli Ervine","Adventure|Animation","1993"
"858","Perkele! Kuvia Suomesta","Felicity Fosten","Documentary","2012"
"859","Empire of the Sun","Lenore Swin","Action|Adventure|Drama|War","1991"
"860","Surviving Christmas","Kizzee Mulford","Comedy","1992"
"861","Englishman in New York, An","Derward McKinna","Drama","2005"
"862","Pretty Poison","Zackariah Bassick","Comedy|Crime|Romance|Thriller","1993"
"863","Pinocchio and the Emperor of the Night","Tyrone Stickins","Animation|Children|Fantasy","2004"
"864","Linotype: The Film","Alphard Fernez","Documentary","2000"
"865","Critical Condition","Heall Rehme","Comedy","1993"
"866","What's the Matter with Helen?","Carlita Glendzer","Crime|Drama|Horror|Musical","2009"
"867","The Little Fox","Gabriela Wrathmall","Adventure|Animation|Children","2010"
"868","Eye 2, The (Gin gwai 2)","Nikolai Greenroyd","Horror|Thriller","1986"
"869","Farewell, Home Sweet Home (Adieu, plancher des vaches!)","Amara Phidgin","Comedy|Drama","2005"
"870","Captain Horatio Hornblower R.N.","Elenore Champley","Action|Adventure|Drama|War","2006"
"871","Boys from Brazil, The","Zachery Beales","Action|Mystery|Thriller","1996"
"872","Angels' Share, The","Pansie Lemasney","Comedy|Drama","2006"
"873","Cropsey","Yulma Delany","Documentary|Horror","2012"
"874","Mr. Magoo","Lissie Mintrim","Comedy","2002"
"875","Roommates","Henrietta Wybrow","Comedy|Drama","1992"
"876","Female Agents (Les femmes de l'ombre)","Alisha Bows","Drama|War","2007"
"877","Battle Royale 2: Requiem (Batoru rowaiaru II: Chinkonka)","Rancell Antoniazzi","Action|Drama|Thriller|War","2007"
"878","Devil's Brigade, The","Blondie Hall","War","2009"
"879","Happy Ending, The","Chandra Blader","Drama","2007"
"880","Night of the Day of the Dawn of the Son of the Bride of the Return of the Terror","Reinald Loudian","Comedy|Horror","2010"
"881","Westfront 1918","Melania Trulocke","Drama|War","1992"
"882","Marianne & Juliane (Die Bleierne Zeit)","Sarajane Lanaway","Drama","1992"
"883","Marwencol","Calv Semper","Documentary","2011"
"884","Corpse Bride","Cleo Goode","Animation|Comedy|Fantasy|Musical|Romance","2004"
"885","Philanthropy (Filantropica)","Donny Estick","Comedy","2000"
"886","Split Second","Claiborn Kershaw","Film-Noir|Thriller","1999"
"887","Spider's Stratagem, The (Strategia del ragno)","Hebert Olin","Drama|Mystery","1993"
"888","Missing, The","Astra Morsom","Adventure|Thriller|Western","2004"
"889","Our Dancing Daughters","Rhianon Sleaford","Drama","2001"
"890","Werewolf of London","Elsa Hurkett","Drama|Fantasy|Horror|Sci-Fi","2013"
"891","Beyond the Law","Percy Gosdin","Crime|Drama|Thriller","2004"
"892","Sheep Has Five Legs, The (Le mouton à cinq pattes)","Lanny Oade","Comedy","1999"
"893","It's Always Fair Weather","Merill Sherwin","Comedy|Drama|Musical","2009"
"894","Robot & Frank","Hallsy Fonso","Comedy|Drama|Sci-Fi","1999"
"895","Grimm Love (Rohtenburg)","Garvin Pynn","Drama|Horror","1990"
"896","Caligula","Dory McGarel","Drama","2005"
"897","Mail Order Bride","Delmore Margaritelli","Comedy","2008"
"898","Cypher","Tiffani Walker","Action|Sci-Fi|Thriller","2012"
"899","Vampire Lovers, The","Petunia Ashborne","Horror","1984"
"900","Commandments","Selle Chapleo","Romance","2001"
"901","Police, Adjective (Politist, adj.)","Augusto Entres","Comedy|Crime|Drama","2012"
"902","Alien Raiders","Henka Depport","Mystery|Sci-Fi|Thriller","2009"
"903","Gardens of Stone","Angelle Casazza","Drama|War","1994"
"904","Deathwatch","Nomi Bortolazzi","Drama|Horror|Thriller|War","1995"
"905","Communion","Orran Nancekivell","Drama|Sci-Fi|Thriller","1997"
"906","Abraham Lincoln","Kurtis Lundbech","Drama|War","1992"
"907","And Nobody Weeps for Me (Und keiner weint mir nach)","Hillard Ferronel","Drama|Romance","1995"
"908","Time of the Gypsies (Dom za vesanje)","Cole Bardell","Comedy|Crime|Drama|Fantasy","2000"
"909","Messenger of Death","Haywood Masters","Thriller","2006"
"910","Summer Palace (Yihe yuan)","Christophe Karleman","Drama|Romance","1996"
"911","Scissere","Edgardo Di Giacomo","Drama","2010"
"912","Killer: A Journal of Murder","Pepi Pallaske","Crime|Drama","1996"
"913","Bar at the Victoria Station, A (Bar na Victorii)","Alisa Rous","Documentary","2010"
"914","Krakatoa, East of Java","Eldredge Swansborough","Adventure|Drama","2010"
"915","Submerged","Kippar Alleyn","Action","1997"
"916","Horrible Bosses 2","Twila Dunton","Comedy|Crime","1984"
"917","Mamitas","Germayne Beavors","Drama","2010"
"918","Dark Knight, The","Clementine Stoggell","Action|Crime|Drama|IMAX","1994"
"919","Big Empty, The","Pacorro Gradon","Comedy|Mystery|Sci-Fi","1971"
"920","Happy, Texas","Laina Downham","Comedy","1989"
"921","Terrible Kids (Enfants terribles, Les) (Strange Ones, The)","Glenine Domingues","Drama","2001"
"922","Panda! Go Panda! Rainy Day Circus","Janaya Ughelli","Animation|Children","2008"
"923","Guard Post, The (G.P. 506)","Andie Grogan","Horror","1970"
"924","Food of Love (Manjar de Amor)","Inesita Whitefoot","Drama","1993"
"925","Detective, The (C+ jing taam)","Alfonse Freeland","Drama|Mystery|Thriller","2004"
"926","Spend It All","Connor Bernholt","Documentary","2004"
"927","Office Killer","Hyman Draye","Thriller","2008"
"928","Flying Down to Rio","Daloris Pearton","Comedy|Musical|Romance","2007"
"929","Ro.Go.Pa.G.","Petey Frere","Comedy|Drama","2010"
"930","Sirocco","Zelda Bowld","Action|Drama","1996"
"931","Road to Singapore","Fabiano Conquer","Comedy|Musical","2011"
"932","Shopgirl","Florrie Dalmon","Comedy|Drama|Romance","1992"
"933","Caliber 9","Claresta Allchorne","Action|Crime|Thriller","2002"
"934","Quadrille","Magda Yakobovitz","Comedy|Romance","2011"
"935","No One Lives","Ted Bollum","Horror|Thriller","2001"
"936","How Bruce Lee Changed the World","Martin Pervew","Documentary","1984"
"937","Hudson Hawk","Bram Fennick","Action|Adventure|Comedy","2008"
"938","Greatest, The","Horten Glencrash","Drama","2009"
"939","Ass Backwards","Philbert Trew","Comedy","1995"
"940","John Doe: Vigilante","Roma Archambault","Crime|Thriller","2011"
"941","Sharknado 2: The Second One","Denis Peasby","Horror|Sci-Fi|Thriller","1996"
"942","388 Arletta Avenue","Trudi Willment","Thriller","1998"
"943","That Most Important Thing: Love (L'important c'est d'aimer)","Alverta Muckley","Drama|Romance","1984"
"944","Legend of the Eight Samurai (Satomi hakken-den)","Kenneth Bazoge","Action|Adventure|Drama|Fantasy","1996"
"945","Lupin the Third: The Secret of Mamo","Kissee Brambill","Action|Animation|Crime","2004"
"946","TPB AFK: The Pirate Bay Away from Keyboard","Nannie Jimeno","Documentary","2004"
"947","American President, The","Petronilla Dominici","Comedy|Drama|Romance","1990"
"948","I aionia epistrofi tou Antoni Paraskeva","Delmor Auston","Drama","2010"
"949","Rock 'n' Roll Nightmare","Davidde McMenamin","Fantasy|Horror","2004"
"950","Escape from Dartmoor","Umeko Quadling","Crime|Drama","2008"
"951","Cutting Edge: The Magic of Movie Editing, The","Petronia Scotchmor","Documentary","2012"
"952","Music and Lyrics","Tatum Rembrandt","Comedy|Romance","1990"
"953","The Wrecking Crew","Lynett Banbury","Documentary","2002"
"954","Ninja Assassin","Gertrude Stow","Action|Crime|Drama|Thriller","2011"
"955","Born Yesterday","Nickola Lathom","Comedy|Romance","1992"
"956","Top Gun","Brooks Gensavage","Action|Romance","2007"
"957","Chris Rock: Bigger & Blacker","Niko Garrould","Comedy","1999"
"958","Sorcerer's Apprentice, The","Diane Magee","Action|Adventure|Children|Comedy|Fantasy","1990"
"959","Dead Man on Campus","Edi Ivantyev","Comedy","2006"
"960","200 M.P.H.","Hyman Coyne","Action|Adventure|Drama","2011"
"961","The Land Before Time VI: The Secret of Saurus Rock","Fern Walcar","Animation|Children","2001"
"962","House of Wax","Petronille Dibdall","Horror|Thriller","1995"
"963","Punk's Dead: SLC Punk! 2","Carlie Shyres","Comedy","2011"
"964","Fanny","Iris Calvard","Drama|Romance","2005"
"965","Red's Dream","Vinni Westpfel","Animation|Children","2002"
"966","Panic in Year Zero!","Maxi Colvine","Horror|Sci-Fi|Thriller","1993"
"967","God's Puzzle (Kamisama no pazuru)","Tammy Bawdon","Drama|Sci-Fi","2003"
"968","Frozen Land (Paha maa)","Clemmie Hadfield","Drama","1997"
"969","8 (8, the Play)","Vachel Padula","Drama","1989"
"970","Fountain, The","Priscilla Lehrmann","Drama|Fantasy|Romance","1992"
"971","Making of a Legend: Gone with the Wind, The","Kerwinn Andrews","Documentary","2010"
"972","Iris","Doy Veldstra","Drama","2005"
"973","Wild Side","Arthur Cuppitt","Drama","1995"
"974","The Last Journey","Chiquita Matiasek","Crime|Drama","2004"
"975","Necessary War, The","Katee Joint","Documentary","1987"
"976","Charlie Chan in the Secret Service","Emmi Kamenar","Comedy|Crime|Mystery","2010"
"977","Rogue Cop","Aurthur Scammell","Crime|Drama|Film-Noir","1997"
"978","What's Love Got to Do with It?","Hersch Bromilow","Drama|Musical","2004"
"979","Scream","Grantham Airds","Comedy|Horror|Mystery|Thriller","1999"
"980","Perfume of the Lady in Black, The (Il profumo della signora in nero)","Jerome Hrinchishin","Horror|Mystery|Thriller","1966"
"981","Forty Guns","Wendell Cobbledick","Drama|Western","2010"
"982","Yellow Sea, The (a.k.a. The Murderer) (Hwanghae)","Mycah Musgrave","Crime|Drama|Thriller","1997"
"983","Tall T, The","Vlad Morad","Western","1999"
"984","Eagle Has Two Heads, The (L'aigle à deux têtes)","Salvador Quinnelly","Drama","2004"
"985","Lady Windermere's Fan","Inesita Caughte","Comedy|Drama","2007"
"986","Meetin' WA","Mona Lethibridge","Documentary","1993"
"987","Musa the Warrior (Musa)","Tamarra Duesberry","Action|Adventure|Drama|War","1996"
"988","Children (Börn)","Ximenez Hissett","Drama","2004"
"989","L'instant et la patience ","Nicolais Schutt","Documentary","1992"
"990","Super High Me","Aurelea Bradtke","Comedy|Documentary","2000"
"991","Sintel","Farah Brando","Animation|Fantasy","2009"
"992","If a Man Answers","Meridel Blandamere","Comedy","1998"
"993","Last Flight of Noah's Ark, The","Farlay Tschierse","Adventure|Children|Comedy","1989"
"994","Legendary","Carmina MacDougal","Drama","2008"
"995","Sarah Silverman: Jesus Is Magic","Aurthur Blakeney","Comedy|Musical","2012"
"996","Bishop Murder Case, The","Trueman Spera","Mystery","2000"
"997","Desperate Hours","Eleonore McNulty","Crime|Drama|Thriller","2009"
"998","Bitter Feast","Lily Sherer","Comedy|Horror|Thriller","1996"
"999","A Star Athlete","Nelli Syde","Comedy|Drama","2007"
"1000","Chan Is Missing","Travus Lebarree","Crime","2004"
